-- phpMyAdmin SQL Dump
-- version 5.2.1
-- https://www.phpmyadmin.net/
--
-- Host: 127.0.0.1
-- Waktu pembuatan: 10 Des 2023 pada 05.42
-- Versi server: 10.4.32-MariaDB
-- Versi PHP: 8.0.30

SET SQL_MODE = "NO_AUTO_VALUE_ON_ZERO";
START TRANSACTION;
SET time_zone = "+00:00";


/*!40101 SET @OLD_CHARACTER_SET_CLIENT=@@CHARACTER_SET_CLIENT */;
/*!40101 SET @OLD_CHARACTER_SET_RESULTS=@@CHARACTER_SET_RESULTS */;
/*!40101 SET @OLD_COLLATION_CONNECTION=@@COLLATION_CONNECTION */;
/*!40101 SET NAMES utf8mb4 */;

--
-- Database: `produk_db`
--

-- --------------------------------------------------------

--
-- Struktur dari tabel `kategori`
--

CREATE TABLE `kategori` (
  `id_kategori` int(3) NOT NULL,
  `nama_kategori` char(35) NOT NULL
) ENGINE=InnoDB DEFAULT CHARSET=utf8mb4 COLLATE=utf8mb4_general_ci;

--
-- Dumping data untuk tabel `kategori`
--

INSERT INTO `kategori` (`id_kategori`, `nama_kategori`) VALUES
(1, 'L QUEENLY'),
(2, 'L MTH AKSESORIS (IM)'),
(3, 'L MTH TABUNG (LK)'),
(4, 'SP MTH SPAREPART (LK)'),
(5, 'CI MTH TINTA LAIN (IM)'),
(6, 'L MTH AKSESORIS (LK)'),
(7, 'S MTH STEMPEL (IM)');

-- --------------------------------------------------------

--
-- Struktur dari tabel `produk`
--

CREATE TABLE `produk` (
  `nom` int(15) NOT NULL,
  `id_produk` int(4) NOT NULL,
  `nama_produk` char(200) NOT NULL,
  `harga` int(10) NOT NULL,
  `kategori_id` int(3) NOT NULL,
  `status_id` int(2) NOT NULL
) ENGINE=InnoDB DEFAULT CHARSET=utf8mb4 COLLATE=utf8mb4_general_ci;

--
-- Dumping data untuk tabel `produk`
--

INSERT INTO `produk` (`nom`, `id_produk`, `nama_produk`, `harga`, `kategori_id`, `status_id`) VALUES
(10, 9, 'ALUMUNIUM FOIL ALL IN ONE BULAT 23mm IM', 1001, 2, 1),
(12, 11, 'ALUMUNIUM FOIL ALL IN ONE BULAT 30mm IM', 1001, 2, 1),
(13, 12, 'ALUMUNIUM FOIL ALL IN ONE SHEET 250mm IM', 12501, 2, 2),
(16, 15, 'ALUMUNIUM FOIL HDPE/PE BULAT 23mm IM', 12501, 2, 1),
(18, 17, 'ALUMUNIUM FOIL HDPE/PE BULAT 30mm IM', 1001, 2, 1),
(19, 18, 'ALUMUNIUM FOIL HDPE/PE SHEET 250mm IM', 13001, 2, 2),
(20, 19, 'ALUMUNIUM FOIL PET SHEET 250mm IM', 1001, 2, 2),
(23, 22, 'ARM PENDEK MODEL U', 13001, 2, 1),
(24, 23, 'ARM SUPPORT KECIL', 13001, 3, 2),
(25, 24, 'ARM SUPPORT KOTAK PUTIH', 13001, 2, 2),
(27, 26, 'ARM SUPPORT PENDEK POLOS', 13001, 3, 1),
(28, 27, 'ARM SUPPORT S IM', 1001, 2, 2),
(29, 28, 'ARM SUPPORT T (IMPORT)', 13001, 2, 1),
(30, 29, 'ARM SUPPORT T - MODEL 1 ( LOKAL )', 10001, 3, 1),
(51, 50, 'BLACK LASER TONER FP-T3 (100gr)', 13001, 2, 2),
(57, 56, 'BODY PRINTER CANON IP2770', 501, 4, 1),
(59, 58, 'BODY PRINTER T13X', 15001, 4, 1),
(60, 59, 'BOTOL 1000ML BLUE KHUSUS UNTUK EPSON R1800/R800 - 4180 IM (T054920)', 10001, 5, 1),
(61, 60, 'BOTOL 1000ML CYAN KHUSUS UNTUK EPSON R1800/R800/R1900/R2000 - 4120 IM (T054220)', 10001, 5, 2),
(62, 61, 'BOTOL 1000ML GLOSS OPTIMIZER KHUSUS UNTUK EPSON R1800/R800/R1900/R2000/IX7000/MG6170 - 4100 IM (T054020)', 1501, 5, 1),
(63, 62, 'BOTOL 1000ML L.LIGHT BLACK KHUSUS UNTUK EPSON 2400 - 0599 IM', 1501, 5, 2),
(64, 63, 'BOTOL 1000ML LIGHT BLACK KHUSUS UNTUK EPSON 2400 - 0597 IM', 1501, 5, 2),
(65, 64, 'BOTOL 1000ML MAGENTA KHUSUS UNTUK EPSON R1800/R800/R1900/R2000 - 4140 IM (T054320)', 1001, 5, 1),
(66, 65, 'BOTOL 1000ML MATTE BLACK KHUSUS UNTUK EPSON R1800/R800/R1900/R2000 - 3503 IM (T054820)', 1501, 5, 2),
(67, 66, 'BOTOL 1000ML ORANGE KHUSUS UNTUK EPSON R1900/R2000 IM - 4190 (T087920)', 1501, 5, 1),
(68, 67, 'BOTOL 1000ML RED KHUSUS UNTUK EPSON R1800/R800/R1900/R2000 - 4170 IM (T054720)', 1001, 5, 2),
(69, 68, 'BOTOL 1000ML YELLOW KHUSUS UNTUK EPSON R1800/R800/R1900/R2000 - 4160 IM (T054420)', 1501, 5, 2),
(71, 70, 'BOTOL KOTAK 100ML LK', 1001, 6, 1),
(73, 72, 'BOTOL 10ML IM', 1001, 7, 2),
(123, 321, 'BARANG BARU 123', 200000, 2, 1);

-- --------------------------------------------------------

--
-- Struktur dari tabel `produk_tmp`
--

CREATE TABLE `produk_tmp` (
  `num` int(15) NOT NULL,
  `id_produk` int(15) NOT NULL,
  `nama_produk` char(250) NOT NULL,
  `kategori` char(50) NOT NULL,
  `harga` int(10) NOT NULL,
  `statuss` char(50) NOT NULL
) ENGINE=InnoDB DEFAULT CHARSET=utf8mb4 COLLATE=utf8mb4_general_ci;

--
-- Dumping data untuk tabel `produk_tmp`
--

INSERT INTO `produk_tmp` (`num`, `id_produk`, `nama_produk`, `kategori`, `harga`, `statuss`) VALUES
(7, 6, 'ALCOHOL GEL POLISH CLEANSER GP-CLN01', 'L QUEENLY', 12500, 'bisa dijual'),
(10, 9, 'ALUMUNIUM FOIL ALL IN ONE BULAT 23mm IM', 'L MTH AKSESORIS (IM)', 1000, 'bisa dijual'),
(12, 11, 'ALUMUNIUM FOIL ALL IN ONE BULAT 30mm IM', 'L MTH AKSESORIS (IM)', 1000, 'bisa dijual'),
(13, 12, 'ALUMUNIUM FOIL ALL IN ONE SHEET 250mm IM', 'L MTH AKSESORIS (IM)', 12500, 'tidak bisa dijual'),
(16, 15, 'ALUMUNIUM FOIL HDPE/PE BULAT 23mm IM', 'L MTH AKSESORIS (IM)', 12500, 'bisa dijual'),
(18, 17, 'ALUMUNIUM FOIL HDPE/PE BULAT 30mm IM', 'L MTH AKSESORIS (IM)', 1000, 'bisa dijual'),
(19, 18, 'ALUMUNIUM FOIL HDPE/PE SHEET 250mm IM', 'L MTH AKSESORIS (IM)', 13000, 'tidak bisa dijual'),
(20, 19, 'ALUMUNIUM FOIL PET SHEET 250mm IM', 'L MTH AKSESORIS (IM)', 1000, 'tidak bisa dijual'),
(23, 22, 'ARM PENDEK MODEL U', 'L MTH AKSESORIS (IM)', 13000, 'bisa dijual'),
(24, 23, 'ARM SUPPORT KECIL', 'L MTH TABUNG (LK)', 13000, 'tidak bisa dijual'),
(25, 24, 'ARM SUPPORT KOTAK PUTIH', 'L MTH AKSESORIS (IM)', 13000, 'tidak bisa dijual'),
(27, 26, 'ARM SUPPORT PENDEK POLOS', 'L MTH TABUNG (LK)', 13000, 'bisa dijual'),
(28, 27, 'ARM SUPPORT S IM', 'L MTH AKSESORIS (IM)', 1000, 'tidak bisa dijual'),
(29, 28, 'ARM SUPPORT T (IMPORT)', 'L MTH AKSESORIS (IM)', 13000, 'bisa dijual'),
(30, 29, 'ARM SUPPORT T - MODEL 1 ( LOKAL )', 'L MTH TABUNG (LK)', 10000, 'bisa dijual'),
(51, 50, 'BLACK LASER TONER FP-T3 (100gr)', 'L MTH AKSESORIS (IM)', 13000, 'tidak bisa dijual'),
(57, 56, 'BODY PRINTER CANON IP2770', 'SP MTH SPAREPART (LK)', 500, 'bisa dijual'),
(59, 58, 'BODY PRINTER T13X', 'SP MTH SPAREPART (LK)', 15000, 'bisa dijual'),
(60, 59, 'BOTOL 1000ML BLUE KHUSUS UNTUK EPSON R1800/R800 - 4180 IM (T054920)', 'CI MTH TINTA LAIN (IM)', 10000, 'bisa dijual'),
(61, 60, 'BOTOL 1000ML CYAN KHUSUS UNTUK EPSON R1800/R800/R1900/R2000 - 4120 IM (T054220)', 'CI MTH TINTA LAIN (IM)', 10000, 'tidak bisa dijual'),
(62, 61, 'BOTOL 1000ML GLOSS OPTIMIZER KHUSUS UNTUK EPSON R1800/R800/R1900/R2000/IX7000/MG6170 - 4100 IM (T054020)', 'CI MTH TINTA LAIN (IM)', 1500, 'bisa dijual'),
(63, 62, 'BOTOL 1000ML L.LIGHT BLACK KHUSUS UNTUK EPSON 2400 - 0599 IM', 'CI MTH TINTA LAIN (IM)', 1500, 'tidak bisa dijual'),
(64, 63, 'BOTOL 1000ML LIGHT BLACK KHUSUS UNTUK EPSON 2400 - 0597 IM', 'CI MTH TINTA LAIN (IM)', 1500, 'tidak bisa dijual'),
(65, 64, 'BOTOL 1000ML MAGENTA KHUSUS UNTUK EPSON R1800/R800/R1900/R2000 - 4140 IM (T054320)', 'CI MTH TINTA LAIN (IM)', 1000, 'bisa dijual'),
(66, 65, 'BOTOL 1000ML MATTE BLACK KHUSUS UNTUK EPSON R1800/R800/R1900/R2000 - 3503 IM (T054820)', 'CI MTH TINTA LAIN (IM)', 1500, 'tidak bisa dijual'),
(67, 66, 'BOTOL 1000ML ORANGE KHUSUS UNTUK EPSON R1900/R2000 IM - 4190 (T087920)', 'CI MTH TINTA LAIN (IM)', 1500, 'bisa dijual'),
(68, 67, 'BOTOL 1000ML RED KHUSUS UNTUK EPSON R1800/R800/R1900/R2000 - 4170 IM (T054720)', 'CI MTH TINTA LAIN (IM)', 1000, 'tidak bisa dijual'),
(69, 68, 'BOTOL 1000ML YELLOW KHUSUS UNTUK EPSON R1800/R800/R1900/R2000 - 4160 IM (T054420)', 'CI MTH TINTA LAIN (IM)', 1500, 'tidak bisa dijual'),
(71, 70, 'BOTOL KOTAK 100ML LK', 'L MTH AKSESORIS (LK)', 1000, 'bisa dijual'),
(73, 72, 'BOTOL 10ML IM', 'S MTH STEMPEL (IM)', 1000, 'tidak bisa dijual'),
(7, 6, 'ALCOHOL GEL POLISH CLEANSER GP-CLN01', 'L QUEENLY', 12500, 'bisa dijual'),
(10, 9, 'ALUMUNIUM FOIL ALL IN ONE BULAT 23mm IM', 'L MTH AKSESORIS (IM)', 1000, 'bisa dijual'),
(12, 11, 'ALUMUNIUM FOIL ALL IN ONE BULAT 30mm IM', 'L MTH AKSESORIS (IM)', 1000, 'bisa dijual'),
(13, 12, 'ALUMUNIUM FOIL ALL IN ONE SHEET 250mm IM', 'L MTH AKSESORIS (IM)', 12500, 'tidak bisa dijual'),
(16, 15, 'ALUMUNIUM FOIL HDPE/PE BULAT 23mm IM', 'L MTH AKSESORIS (IM)', 12500, 'bisa dijual'),
(18, 17, 'ALUMUNIUM FOIL HDPE/PE BULAT 30mm IM', 'L MTH AKSESORIS (IM)', 1000, 'bisa dijual'),
(19, 18, 'ALUMUNIUM FOIL HDPE/PE SHEET 250mm IM', 'L MTH AKSESORIS (IM)', 13000, 'tidak bisa dijual'),
(20, 19, 'ALUMUNIUM FOIL PET SHEET 250mm IM', 'L MTH AKSESORIS (IM)', 1000, 'tidak bisa dijual'),
(23, 22, 'ARM PENDEK MODEL U', 'L MTH AKSESORIS (IM)', 13000, 'bisa dijual'),
(24, 23, 'ARM SUPPORT KECIL', 'L MTH TABUNG (LK)', 13000, 'tidak bisa dijual'),
(25, 24, 'ARM SUPPORT KOTAK PUTIH', 'L MTH AKSESORIS (IM)', 13000, 'tidak bisa dijual'),
(27, 26, 'ARM SUPPORT PENDEK POLOS', 'L MTH TABUNG (LK)', 13000, 'bisa dijual'),
(28, 27, 'ARM SUPPORT S IM', 'L MTH AKSESORIS (IM)', 1000, 'tidak bisa dijual'),
(29, 28, 'ARM SUPPORT T (IMPORT)', 'L MTH AKSESORIS (IM)', 13000, 'bisa dijual'),
(30, 29, 'ARM SUPPORT T - MODEL 1 ( LOKAL )', 'L MTH TABUNG (LK)', 10000, 'bisa dijual'),
(51, 50, 'BLACK LASER TONER FP-T3 (100gr)', 'L MTH AKSESORIS (IM)', 13000, 'tidak bisa dijual'),
(57, 56, 'BODY PRINTER CANON IP2770', 'SP MTH SPAREPART (LK)', 500, 'bisa dijual'),
(59, 58, 'BODY PRINTER T13X', 'SP MTH SPAREPART (LK)', 15000, 'bisa dijual'),
(60, 59, 'BOTOL 1000ML BLUE KHUSUS UNTUK EPSON R1800/R800 - 4180 IM (T054920)', 'CI MTH TINTA LAIN (IM)', 10000, 'bisa dijual'),
(61, 60, 'BOTOL 1000ML CYAN KHUSUS UNTUK EPSON R1800/R800/R1900/R2000 - 4120 IM (T054220)', 'CI MTH TINTA LAIN (IM)', 10000, 'tidak bisa dijual'),
(62, 61, 'BOTOL 1000ML GLOSS OPTIMIZER KHUSUS UNTUK EPSON R1800/R800/R1900/R2000/IX7000/MG6170 - 4100 IM (T054020)', 'CI MTH TINTA LAIN (IM)', 1500, 'bisa dijual'),
(63, 62, 'BOTOL 1000ML L.LIGHT BLACK KHUSUS UNTUK EPSON 2400 - 0599 IM', 'CI MTH TINTA LAIN (IM)', 1500, 'tidak bisa dijual'),
(64, 63, 'BOTOL 1000ML LIGHT BLACK KHUSUS UNTUK EPSON 2400 - 0597 IM', 'CI MTH TINTA LAIN (IM)', 1500, 'tidak bisa dijual'),
(65, 64, 'BOTOL 1000ML MAGENTA KHUSUS UNTUK EPSON R1800/R800/R1900/R2000 - 4140 IM (T054320)', 'CI MTH TINTA LAIN (IM)', 1000, 'bisa dijual'),
(66, 65, 'BOTOL 1000ML MATTE BLACK KHUSUS UNTUK EPSON R1800/R800/R1900/R2000 - 3503 IM (T054820)', 'CI MTH TINTA LAIN (IM)', 1500, 'tidak bisa dijual'),
(67, 66, 'BOTOL 1000ML ORANGE KHUSUS UNTUK EPSON R1900/R2000 IM - 4190 (T087920)', 'CI MTH TINTA LAIN (IM)', 1500, 'bisa dijual'),
(68, 67, 'BOTOL 1000ML RED KHUSUS UNTUK EPSON R1800/R800/R1900/R2000 - 4170 IM (T054720)', 'CI MTH TINTA LAIN (IM)', 1000, 'tidak bisa dijual'),
(69, 68, 'BOTOL 1000ML YELLOW KHUSUS UNTUK EPSON R1800/R800/R1900/R2000 - 4160 IM (T054420)', 'CI MTH TINTA LAIN (IM)', 1500, 'tidak bisa dijual'),
(71, 70, 'BOTOL KOTAK 100ML LK', 'L MTH AKSESORIS (LK)', 1000, 'bisa dijual'),
(73, 72, 'BOTOL 10ML IM', 'S MTH STEMPEL (IM)', 1000, 'tidak bisa dijual'),
(7, 6, 'ALCOHOL GEL POLISH CLEANSER GP-CLN01', 'L QUEENLY', 12500, 'bisa dijual'),
(10, 9, 'ALUMUNIUM FOIL ALL IN ONE BULAT 23mm IM', 'L MTH AKSESORIS (IM)', 1000, 'bisa dijual'),
(12, 11, 'ALUMUNIUM FOIL ALL IN ONE BULAT 30mm IM', 'L MTH AKSESORIS (IM)', 1000, 'bisa dijual'),
(13, 12, 'ALUMUNIUM FOIL ALL IN ONE SHEET 250mm IM', 'L MTH AKSESORIS (IM)', 12500, 'tidak bisa dijual'),
(16, 15, 'ALUMUNIUM FOIL HDPE/PE BULAT 23mm IM', 'L MTH AKSESORIS (IM)', 12500, 'bisa dijual'),
(18, 17, 'ALUMUNIUM FOIL HDPE/PE BULAT 30mm IM', 'L MTH AKSESORIS (IM)', 1000, 'bisa dijual'),
(19, 18, 'ALUMUNIUM FOIL HDPE/PE SHEET 250mm IM', 'L MTH AKSESORIS (IM)', 13000, 'tidak bisa dijual'),
(20, 19, 'ALUMUNIUM FOIL PET SHEET 250mm IM', 'L MTH AKSESORIS (IM)', 1000, 'tidak bisa dijual'),
(23, 22, 'ARM PENDEK MODEL U', 'L MTH AKSESORIS (IM)', 13000, 'bisa dijual'),
(24, 23, 'ARM SUPPORT KECIL', 'L MTH TABUNG (LK)', 13000, 'tidak bisa dijual'),
(25, 24, 'ARM SUPPORT KOTAK PUTIH', 'L MTH AKSESORIS (IM)', 13000, 'tidak bisa dijual'),
(27, 26, 'ARM SUPPORT PENDEK POLOS', 'L MTH TABUNG (LK)', 13000, 'bisa dijual'),
(28, 27, 'ARM SUPPORT S IM', 'L MTH AKSESORIS (IM)', 1000, 'tidak bisa dijual'),
(29, 28, 'ARM SUPPORT T (IMPORT)', 'L MTH AKSESORIS (IM)', 13000, 'bisa dijual'),
(30, 29, 'ARM SUPPORT T - MODEL 1 ( LOKAL )', 'L MTH TABUNG (LK)', 10000, 'bisa dijual'),
(51, 50, 'BLACK LASER TONER FP-T3 (100gr)', 'L MTH AKSESORIS (IM)', 13000, 'tidak bisa dijual'),
(57, 56, 'BODY PRINTER CANON IP2770', 'SP MTH SPAREPART (LK)', 500, 'bisa dijual'),
(59, 58, 'BODY PRINTER T13X', 'SP MTH SPAREPART (LK)', 15000, 'bisa dijual'),
(60, 59, 'BOTOL 1000ML BLUE KHUSUS UNTUK EPSON R1800/R800 - 4180 IM (T054920)', 'CI MTH TINTA LAIN (IM)', 10000, 'bisa dijual'),
(61, 60, 'BOTOL 1000ML CYAN KHUSUS UNTUK EPSON R1800/R800/R1900/R2000 - 4120 IM (T054220)', 'CI MTH TINTA LAIN (IM)', 10000, 'tidak bisa dijual'),
(62, 61, 'BOTOL 1000ML GLOSS OPTIMIZER KHUSUS UNTUK EPSON R1800/R800/R1900/R2000/IX7000/MG6170 - 4100 IM (T054020)', 'CI MTH TINTA LAIN (IM)', 1500, 'bisa dijual'),
(63, 62, 'BOTOL 1000ML L.LIGHT BLACK KHUSUS UNTUK EPSON 2400 - 0599 IM', 'CI MTH TINTA LAIN (IM)', 1500, 'tidak bisa dijual'),
(64, 63, 'BOTOL 1000ML LIGHT BLACK KHUSUS UNTUK EPSON 2400 - 0597 IM', 'CI MTH TINTA LAIN (IM)', 1500, 'tidak bisa dijual'),
(65, 64, 'BOTOL 1000ML MAGENTA KHUSUS UNTUK EPSON R1800/R800/R1900/R2000 - 4140 IM (T054320)', 'CI MTH TINTA LAIN (IM)', 1000, 'bisa dijual'),
(66, 65, 'BOTOL 1000ML MATTE BLACK KHUSUS UNTUK EPSON R1800/R800/R1900/R2000 - 3503 IM (T054820)', 'CI MTH TINTA LAIN (IM)', 1500, 'tidak bisa dijual'),
(67, 66, 'BOTOL 1000ML ORANGE KHUSUS UNTUK EPSON R1900/R2000 IM - 4190 (T087920)', 'CI MTH TINTA LAIN (IM)', 1500, 'bisa dijual'),
(68, 67, 'BOTOL 1000ML RED KHUSUS UNTUK EPSON R1800/R800/R1900/R2000 - 4170 IM (T054720)', 'CI MTH TINTA LAIN (IM)', 1000, 'tidak bisa dijual'),
(69, 68, 'BOTOL 1000ML YELLOW KHUSUS UNTUK EPSON R1800/R800/R1900/R2000 - 4160 IM (T054420)', 'CI MTH TINTA LAIN (IM)', 1500, 'tidak bisa dijual'),
(71, 70, 'BOTOL KOTAK 100ML LK', 'L MTH AKSESORIS (LK)', 1000, 'bisa dijual'),
(73, 72, 'BOTOL 10ML IM', 'S MTH STEMPEL (IM)', 1000, 'tidak bisa dijual');

-- --------------------------------------------------------

--
-- Struktur dari tabel `statusss`
--

CREATE TABLE `statusss` (
  `id_status` int(2) NOT NULL,
  `nama_status` char(25) NOT NULL
) ENGINE=InnoDB DEFAULT CHARSET=utf8mb4 COLLATE=utf8mb4_general_ci;

--
-- Dumping data untuk tabel `statusss`
--

INSERT INTO `statusss` (`id_status`, `nama_status`) VALUES
(1, 'bisa dijual'),
(2, 'tidak bisa dijual');
COMMIT;

/*!40101 SET CHARACTER_SET_CLIENT=@OLD_CHARACTER_SET_CLIENT */;
/*!40101 SET CHARACTER_SET_RESULTS=@OLD_CHARACTER_SET_RESULTS */;
/*!40101 SET COLLATION_CONNECTION=@OLD_COLLATION_CONNECTION */;
